{"cameraMode":{"drawMode":0,"name":"Shaded","section":"Shading Mode"},"sceneLighting":false,"audioPlay":false,"sceneViewState":{"m_AlwaysRefresh":false,"showFog":true,"showSkybox":true,"showFlares":true,"showImageEffects":true,"showParticleSystems":true,"showVisualEffectGraphs":true,"m_FxEnabled":true},"in2DMode":false,"pivot":{"x":-1.5689829587936402,"y":1.1714859008789063,"z":0.2796715199947357},"rotation":{"x":0.16816098988056184,"y":-0.5255304574966431,"z":0.10513799637556076,"w":0.8276290893554688},"size":1.3391402959823609,"orthographic":false}