{"cameraMode":{"drawMode":0,"name":"Shaded","section":"Shading Mode"},"sceneLighting":false,"audioPlay":false,"sceneViewState":{"m_AlwaysRefresh":false,"showFog":true,"showSkybox":true,"showFlares":true,"showImageEffects":true,"showParticleSystems":true,"showVisualEffectGraphs":true,"m_FxEnabled":true},"in2DMode":false,"pivot":{"x":2.3532097339630129,"y":-1.6912355422973633,"z":4.979829788208008},"rotation":{"x":-0.28281155228614809,"y":-0.22628247737884522,"z":0.07014492154121399,"w":-0.9297159314155579},"size":4.681035995483398,"orthographic":false}